branch_id,branch_country,branch_city
2001,United States,Seattle
2002,United States,Huntington
2003,United States,Littleton
2004,United States,Tampa
2005,United States,Glendale
2006,United Kingdom,Kirkton
2007,United States,New York City
2008,,
2009,United States,Austin
2010,United States,Huntsville
2011,United States,Sacramento
2012,United States,Richmond
2013,United States,Santa Monica
2014,United Kingdom,Bristol
2015,,
2016,United States,Newton
2017,United Kingdom,Dean
2018,United States,Knoxville
2019,United States,Wilkes Barre
2020,United States,Columbia
2021,United States,Monticello
2022,United States,Austin
2023,United States,Washington
2024,United States,Colorado Springs
2025,,
2026,United States,Tucson
2027,United States,Lakeland
2028,United States,Detroit
2029,United States,Schaumburg
2030,United States,Reston
2031,United Kingdom,Twyford
2032,United States,Houston
2033,United Kingdom,Wirral
2034,United States,Madison
2035,United States,Bronx
2036,United States,Bronx
2037,United Kingdom,Carlton
2038,United States,Garland
2039,United States,Lincoln
2040,United Kingdom,London
2041,United Kingdom,London
2042,United States,Dallas
2043,United States,Scranton
2044,,
2045,United States,Huntington
2046,United States,Sacramento
2047,United States,Newark
2048,United States,Las Vegas
2049,United States,New York City
2050,United States,San Diego
2051,United States,Shreveport
2052,United States,Knoxville
2053,United States,Fargo
2054,United States,Atlanta
2055,United States,Birmingham
2056,United States,Newport News
2057,United States,Denver
2058,United States,Seattle
2059,United States,Rockford
2060,United States,Portland
2061,India,Sadar Bazar
2062,United States,Bethlehem
2063,United States,Charlotte
2064,United States,Springfield
2065,United States,Asheville
2066,United States,Madison
2067,United States,Cedar Rapids
2068,United States,Fort Worth
2069,United States,Dallas
2070,United States,Fresno
2071,United States,Amarillo
2072,United States,Los Angeles
2073,United States,Rochester
2074,United States,Irving
2075,United States,Roanoke
2076,United States,Washington
2077,United States,Grand Forks
2078,United States,Birmingham
2079,United States,Birmingham
2080,United States,Denver
2081,United States,Chicago
2082,United States,Fresno
2083,United States,Washington
2084,United States,Charlotte
2085,United States,Detroit
2086,United States,Miami
2087,United Kingdom,Kingston
2088,,
2089,United States,Van Nuys
2090,United States,Carlsbad
2091,United States,Silver Spring
2092,United States,Salt Lake City
2093,United States,Las Vegas
2094,United States,Newark
2095,United States,Manassas
2096,United States,Stockton
2097,United States,Durham
2098,United States,Los Angeles
2099,United States,Honolulu
2100,United States,Richmond
2101,United States,Corona
2102,United States,Chicago
2103,United States,Phoenix
2104,United States,Naples
2105,United States,Baton Rouge
2106,United States,Corona
2107,United States,New Orleans
2108,United States,Washington
2109,United States,Mobile
2110,United States,Carson City
2111,United States,Fort Worth
2112,United States,Philadelphia
2113,United States,Springfield
2114,United States,Fort Lauderdale
2115,United States,Baton Rouge
2116,United States,Washington
2117,United States,Madison
2118,United States,Chicago
2119,United States,San Diego
2120,United States,Baton Rouge
2121,United States,Chesapeake
2122,United States,Santa Monica
2123,United States,Saint Louis
2124,United Kingdom,London
2125,United States,Knoxville
2126,United States,Jacksonville
2127,United States,Nashville
2128,United States,Fort Pierce
2129,United States,New Orleans
2130,United States,Tyler
2131,United States,Irvine
2132,,
2133,United States,Fargo
2134,United States,Montgomery
2135,United States,Washington
2136,United States,Stockton
2137,United States,Sterling
2138,,
2139,United States,Tyler
2140,United States,Saint Augustine
2141,United States,Atlanta
2142,United States,Birmingham
2143,United States,Dallas
2144,,
2145,United States,Waco
2146,United States,Delray Beach
2147,United States,Toledo
2148,United States,Saint Petersburg
2149,United States,Racine
2150,United States,Knoxville
2151,United States,Washington
2152,United States,Shreveport
2153,United States,Philadelphia
2154,United States,Englewood
2155,United States,Asheville
2156,United States,San Francisco
2157,,
2158,United States,Provo
2159,United States,Charlotte
2160,United States,Baton Rouge
2161,United States,New Orleans
2162,United States,Denver
2163,United States,San Antonio
2164,United States,El Paso
2165,United States,Wilkes Barre
2166,United States,Nashville
2167,United States,Chicago
2168,United States,Kansas City
2169,United States,Rochester
2170,United States,Dallas
2171,United States,Tucson
2172,United States,Springfield
2173,United States,Madison
2174,United States,Racine
2175,United States,Louisville
2176,United States,Van Nuys
2177,United States,Atlanta
2178,United States,Cincinnati
2179,United States,Washington
2180,United States,El Paso
2181,United States,Norfolk
2182,United States,El Paso
2183,United States,Montgomery
2184,United States,Dallas
2185,United States,Memphis
2186,United States,Glendale
2187,United States,Dallas
2188,United States,Indianapolis
2189,United Kingdom,Wootton
2190,India,R S
2191,United States,Minneapolis
2192,United States,Pensacola
2193,United States,Milwaukee
2194,United States,Chicago
2195,United States,Charlotte
2196,United States,Aurora
2197,United States,Seattle
2198,United States,Raleigh
2199,United States,Austin
2200,United States,Schaumburg
2201,United States,Newport News
2202,United States,Clearwater
2203,United States,San Diego
2204,United States,El Paso
2205,United States,Birmingham
2206,United States,New Orleans
2207,United States,Seminole
2208,United States,Cumming
2209,United States,Sacramento
2210,United Kingdom,Normanton
2211,United States,Aurora
2212,United States,Mobile
2213,United States,Hartford
2214,United States,Toledo
2215,United States,Lansing
2216,United States,Shawnee Mission
2217,United States,Richmond
2218,United States,Detroit
2219,United States,Lexington
2220,United States,Atlanta
2221,United States,Albuquerque
2222,United States,Tyler
2223,,
2224,United States,Washington
2225,United States,Tulsa
2226,United States,Norfolk
2227,India,Agraharam
2228,United States,Little Rock
2229,United States,Pompano Beach
2230,United States,Simi Valley
2231,United States,Oklahoma City
2232,United Kingdom,Upton
2233,United Kingdom,Belfast
2234,United States,Cleveland
2235,United States,Nashville
2236,United States,Odessa
2237,United States,San Rafael
2238,United States,Saint Louis
2239,United States,Minneapolis
2240,United States,Jamaica
2241,United States,Shreveport
2242,United Kingdom,Sutton
2243,,
2244,United States,Virginia Beach
2245,United States,Beaufort
2246,United States,Peoria
2247,United States,New York City
2248,United States,San Diego
2249,United States,West Hartford
2250,United States,Houston
2251,United States,Albany
2252,United States,Peoria
2253,United States,Tucson
2254,United States,Mesa
2255,United States,Norfolk
2256,,
2257,United States,Alhambra
2258,United States,Seattle
2259,United States,New York City
2260,United States,Jamaica
2261,United States,Louisville
2262,,
2263,United States,Winston Salem
2264,United States,Grand Rapids
2265,United States,Muskegon
2266,United States,Wilmington
2267,United States,Salt Lake City
2268,United Kingdom,East End
2269,United States,Knoxville
2270,United States,Las Vegas
2271,United States,Columbus
2272,United States,Melbourne
2273,United States,Oklahoma City
2274,United States,Bloomington
2275,United States,Phoenix
2276,United States,San Diego
2277,United States,Bethlehem
2278,United States,Washington
2279,United States,Jacksonville
2280,United States,Midland
2281,,
2282,United States,Orlando
2283,United States,Alexandria
2284,United Kingdom,London
2285,United States,Spring
2286,United States,San Francisco
2287,United States,Fort Smith
2288,United States,Chicago
2289,United States,Tacoma
2290,United States,El Paso
2291,United States,Lafayette
2292,United States,Washington
2293,United States,San Jose
2294,United States,Houston
2295,United Kingdom,Upton
2296,United States,Des Moines
2297,United States,Saginaw
2298,United States,Reno
2299,United States,Gainesville
2300,United States,Wichita
2301,United States,Springfield
2302,United States,Rochester
2303,United States,Jacksonville
2304,United States,Greensboro
2305,United States,Dallas
2306,United States,Huntington
2307,United States,San Francisco
2308,United States,Iowa City
2309,United States,Des Moines
2310,United States,Cincinnati
2311,United States,Pittsburgh
2312,United States,Knoxville
2313,United Kingdom,Birmingham
2314,United States,Roanoke
2315,United States,Salt Lake City
2316,United States,Schaumburg
2317,United States,Reading
2318,United States,Wilkes Barre
2319,United States,Charlotte
2320,United Kingdom,Craigavon
2321,United States,Fresno
2322,United States,Brooklyn
2323,United States,Amarillo
2324,United States,Saint Louis
2325,United States,Newark
2326,United States,Philadelphia
2327,United States,Cedar Rapids
2328,United States,Minneapolis
2329,United States,Virginia Beach
2330,United States,Odessa
2331,United States,Baton Rouge
2332,United States,Fort Wayne
2333,United States,Miami
2334,United States,San Diego
2335,United States,Raleigh
2336,United States,Hartford
2337,United States,Waco
2338,United States,Washington
2339,United States,Kansas City
2340,United States,Sacramento
2341,United States,Arlington
2342,United States,Madison
2343,United States,Murfreesboro
2344,United States,Philadelphia
2345,United States,Los Angeles
2346,United States,Baltimore
2347,United States,Farmington
2348,United States,Hartford
2349,United States,Dallas
2350,United States,Fort Lauderdale
2351,United States,Dallas
2352,United States,Omaha
2353,United States,Pasadena
2354,United States,Amarillo
2355,United States,Philadelphia
2356,United States,Huntsville
2357,United States,Portland
2358,United Kingdom,Middleton
2359,United States,Jamaica
2360,United States,San Antonio
2361,United States,Hartford
2362,United States,Omaha
2363,United States,Torrance
2364,United States,Jacksonville
2365,United States,Tulsa
2366,United States,Vienna
2367,United Kingdom,Brampton
2368,United States,Delray Beach
2369,United States,Grand Rapids
2370,United States,New York City
2371,United States,Toledo
2372,United Kingdom,Milton
2373,United States,Montgomery
2374,United States,Jackson
2375,United Kingdom,Middleton
2376,United States,Louisville
2377,,
2378,United States,Oklahoma City
2379,United States,Boca Raton
2380,United States,Vienna
2381,United States,Nashville
2382,United States,Waco
2383,United States,Columbus
2384,United States,Hampton
2385,United States,Orlando
2386,United States,Asheville
2387,United States,Virginia Beach
2388,United States,Des Moines
2389,United States,Denver
2390,United States,Dulles
2391,United States,Mesa
2392,United Kingdom,Aberdeen
2393,United States,Charleston
2394,United Kingdom,Swindon
2395,United Kingdom,London
2396,United States,San Diego
2397,United States,Lansing
2398,United States,Sioux City
2399,United States,Chico
2400,United States,Santa Fe
2401,United States,Washington
2402,United States,Bakersfield
2403,United States,Reston
2404,United States,Hartford
2405,United States,Maple Plain
2406,United States,Stockton
2407,United States,Anaheim
2408,United States,Roanoke
2409,United States,Lancaster
2410,United States,Saint Louis
2411,United States,Pasadena
2412,United States,Vienna
2413,United States,Mobile
2414,United States,Dallas
2415,United States,San Francisco
2416,United States,Lansing
2417,United Kingdom,Stapleford
2418,United States,Rochester
2419,United Kingdom,Middleton
2420,United States,Lincoln
2421,United States,Atlanta
2422,United States,Peoria
2423,United States,Sacramento
2424,United States,Newport News
2425,United States,Savannah
2426,United States,Charlotte
2427,United States,Whittier
2428,United States,Hamilton
2429,United States,Huntsville
2430,United States,Dallas
2431,,
2432,United States,Colorado Springs
2433,United States,Tulsa
2434,United States,San Antonio
2435,United Kingdom,Eaton
2436,United States,Greensboro
2437,United States,Harrisburg
2438,United States,Fresno
2439,United States,Hartford
2440,United States,Saint Paul
2441,United States,Cedar Rapids
2442,United States,Springfield
2443,United States,Springfield
2444,United States,Chicago
2445,United States,Akron
2446,United Kingdom,Church End
2447,United States,Toledo
2448,United Kingdom,Burnside
2449,United States,Fort Wayne
2450,United States,Cedar Rapids
2451,United States,Arlington
2452,United States,Washington
2453,United States,El Paso
2454,United States,Cincinnati
2455,United States,Fullerton
2456,United States,Los Angeles
2457,,
2458,United States,Naples
2459,United States,Chicago
2460,,
2461,United States,Glendale
2462,United States,Chicago
2463,United States,Pasadena
2464,United States,Santa Ana
2465,United States,Sioux Falls
2466,United States,Florence
2467,,
2468,United States,Dallas
2469,United States,Lincoln
2470,United States,Evansville
2471,United States,Chicago
2472,United States,Boston
2473,,
2474,United States,Oklahoma City
2475,United States,Norfolk
2476,United States,Springfield
2477,United States,Shreveport
2478,United States,Richmond
2479,United States,Miami
2480,United States,Fargo
2481,United States,Boston
2482,United States,Omaha
2483,,
2484,United States,Las Vegas
2485,United States,Springfield
2486,United States,Anchorage
2487,United States,Washington
2488,United States,Great Neck
2489,United States,Lafayette
2490,United States,Young America
2491,United States,Santa Rosa
2492,United States,Pensacola
2493,United States,Beaumont
2494,United States,Olympia
2495,,
2496,United States,Springfield
2497,United States,Des Moines
2498,United States,Atlanta
2499,United States,Saint Louis
2500,United States,Albuquerque
2501,United States,Sunnyvale
2502,,
2503,United States,Albuquerque
2504,United States,Roanoke
2505,United States,Salt Lake City
2506,United States,Trenton
2507,United States,El Paso
2508,United States,San Antonio
2509,United States,North Little Rock
2510,United States,Sacramento
2511,United States,Phoenix
2512,United States,Rockford
2513,United States,Amarillo
2514,United States,Shreveport
2515,United States,Washington
2516,United States,Tucson
2517,United States,Los Angeles
2518,United States,Little Rock
2519,United States,Warren
2520,United States,Bronx
2521,United States,Los Angeles
2522,United States,Reno
2523,United States,Tempe
2524,United States,Shawnee Mission
2525,United States,Lafayette
2526,United States,Fort Worth
2527,United States,Reston
2528,United States,Denton
2529,United States,Roanoke
2530,United States,Asheville
2531,United States,Naples
2532,United States,Fresno
2533,United States,Washington
2534,United States,Beaverton
2535,United States,Erie
2536,United States,Reading
2537,United States,Sacramento
2538,United States,Louisville
2539,United States,Waco
2540,United States,Tacoma
2541,United States,Nashville
2542,United States,New Orleans
2543,United States,Jamaica
2544,United States,Greensboro
2545,United States,Raleigh
2546,United States,Richmond
2547,United States,Denver
2548,United States,Buffalo
2549,United States,Charlotte
2550,United Kingdom,East End
2551,United States,Miami
2552,United Kingdom,Ashley
2553,United States,Arlington
2554,United States,Des Moines
2555,United States,Oakland
2556,United States,Erie
2557,United States,El Paso
2558,United States,Colorado Springs
2559,United States,Las Vegas
2560,United States,Omaha
2561,United States,Houston
2562,United States,Fairbanks
2563,United States,Annapolis
2564,United States,Columbus
2565,United States,Washington
2566,United States,Syracuse
2567,,
2568,United States,Charlotte
2569,United Kingdom,Weston
2570,United States,Charlotte
2571,United States,Huntington
2572,United States,Albany
2573,United States,Atlanta
2574,United States,Cincinnati
2575,,
2576,United States,Shreveport
2577,United States,Detroit
2578,United States,New York City
2579,United States,El Paso
2580,United States,Buffalo
2581,United States,Biloxi
2582,United States,Lancaster
2583,United States,Phoenix
2584,United States,Louisville
2585,United States,Port Washington
2586,United States,Washington
2587,United States,Vienna
2588,United States,Lubbock
2589,United States,Lansing
2590,United States,Montgomery
2591,United States,New York City
2592,United States,Harrisburg
2593,,
2594,United States,Tallahassee
2595,United Kingdom,Glasgow
2596,United States,Miami
2597,United States,Macon
2598,United States,Erie
2599,United States,El Paso
2600,United States,Harrisburg
2601,United States,Clearwater
2602,United Kingdom,Aston
2603,United States,Baton Rouge
2604,United States,Zephyrhills
2605,United States,Lansing
2606,United States,Omaha
2607,United States,Washington
2608,United States,Knoxville
2609,United States,Dallas
2610,United States,Lees Summit
2611,United States,Odessa
2612,United States,Pasadena
2613,United Kingdom,Preston
2614,United Kingdom,Sheffield
2615,United States,Los Angeles
2616,United States,Little Rock
2617,United States,Harrisburg
2618,United Kingdom,Horton
2619,United States,Shawnee Mission
2620,United States,Atlanta
2621,United States,Sacramento
2622,United States,Saint Louis
2623,United States,Cleveland
2624,United States,Newton
2625,,
2626,United States,Austin
2627,United States,San Diego
2628,United States,El Paso
2629,United States,Denton
2630,,
2631,United States,Yonkers
2632,United States,Chattanooga
2633,United Kingdom,Aston
2634,United States,Dayton
2635,United States,Sacramento
2636,United States,Duluth
2637,United States,Allentown
2638,United States,Norfolk
2639,United States,Honolulu
2640,United States,Macon
2641,United States,Shawnee Mission
2642,United States,San Diego
2643,,
2644,United States,Atlanta
2645,United States,Peoria
2646,United States,Chattanooga
2647,United States,Asheville
2648,United States,Oklahoma City
2649,United States,Detroit
2650,United States,Buffalo
2651,United States,Amarillo
2652,United States,Charleston
2653,United States,Evansville
2654,United States,Rochester
2655,United States,Philadelphia
2656,United States,Lawrenceville
2657,United States,Shawnee Mission
2658,United States,Johnson City
2659,United States,Philadelphia
2660,United States,San Diego
2661,United States,Vancouver
2662,United States,Toledo
2663,United States,Waterbury
2664,,
2665,,
2666,United States,Raleigh
2667,United States,Montgomery
2668,United States,Jacksonville
2669,United States,Columbus
2670,United States,Sacramento
2671,United States,Fort Wayne
2672,United States,Dallas
2673,United States,Chicago
2674,United States,Maple Plain
2675,United States,Rochester
2676,United States,Pasadena
2677,United States,Memphis
2678,United States,Chicago
2679,United States,Orlando
2680,United States,Lincoln
2681,United States,Shreveport
2682,United States,Durham
2683,United States,Peoria
2684,United States,Cincinnati
2685,United States,Muskegon
2686,United States,Los Angeles
2687,United States,San Jose
2688,United States,Dallas
2689,United States,Conroe
2690,United States,Columbus
2691,United States,Boston
2692,United States,Buffalo
2693,United States,Seattle
2694,United States,Brooklyn
2695,United States,Bronx
2696,United Kingdom,Burnside
2697,United States,Charleston
2698,United Kingdom,London
2699,,
2700,,
2701,United States,Staten Island
2702,United States,Garden Grove
2703,United States,Columbus
2704,United States,Phoenix
2705,,
2706,United States,New Orleans
2707,United States,Richmond
2708,United States,Birmingham
2709,United States,Alexandria
2710,United States,Tallahassee
2711,,
2712,United States,Monroe
2713,United States,Dallas
2714,United States,Erie
2715,United States,Huntsville
2716,United Kingdom,London
2717,United States,Phoenix
2718,United States,El Paso
2719,United States,Huntsville
2720,United States,Racine
2721,United States,Baton Rouge
2722,United States,Duluth
2723,United States,Gainesville
2724,United States,Cincinnati
2725,United States,Las Vegas
2726,,
2727,United Kingdom,Aberdeen
2728,United States,Washington
2729,United States,Lancaster
2730,,
2731,United States,Ogden
2732,United States,Washington
2733,United States,Las Vegas
2734,United States,Lexington
2735,,
2736,United Kingdom,Seaton
2737,United States,Seattle
2738,United States,Seattle
2739,United States,Wilmington
2740,United Kingdom,Birmingham
2741,United States,Roanoke
2742,United States,Springfield
2743,United States,Seattle
2744,United States,Houston
2745,United States,Birmingham
2746,United States,Cedar Rapids
2747,United States,Young America
2748,United States,Springfield
2749,United States,Knoxville
2750,United States,Evansville
2751,United States,New York City
2752,United States,Vienna
2753,United States,Pittsburgh
2754,United States,San Antonio
2755,,
2756,United States,San Antonio
2757,United States,Denver
2758,United States,Nashville
2759,United States,Pueblo
2760,United States,Newton
2761,United States,Duluth
2762,United States,Garden Grove
2763,United States,Jacksonville
2764,United States,Lexington
2765,United States,Annapolis
2766,United States,Grand Forks
2767,United States,Saint Petersburg
2768,,
2769,United States,Pasadena
2770,United States,Shreveport
2771,United States,Atlanta
2772,United States,Houston
2773,United Kingdom,Newton
2774,United States,Vancouver
2775,United States,Washington
2776,United States,Chicago
2777,United States,Memphis
2778,United States,New York City
2779,United States,Houston
2780,United States,Newport Beach
2781,,
2782,,
2783,United States,Honolulu
2784,,
2785,United States,Amarillo
2786,,
2787,,
2788,United States,New York City
2789,United States,New York City
2790,United Kingdom,Sheffield
2791,United States,Daytona Beach
2792,United States,Washington
2793,United States,San Jose
2794,United States,Harrisburg
2795,United Kingdom,Kirkton
2796,United Kingdom,Kingston
2797,United States,San Diego
2798,United States,Saint Petersburg
2799,United States,Dallas
2800,United States,Atlanta
2801,United States,Atlanta
2802,United States,San Antonio
2803,United States,Austin
2804,United Kingdom,Manchester
2805,United States,Nashville
2806,United States,Los Angeles
2807,,
2808,United States,Louisville
2809,United States,Beaufort
2810,United States,Columbus
2811,United States,Columbus
2812,United States,Charleston
2813,United States,Beaverton
2814,United States,Portland
2815,United States,Saint Louis
2816,,
2817,United States,Cincinnati
2818,United Kingdom,Marston
2819,United States,Whittier
2820,United States,Brooklyn
2821,United States,Saint Louis
2822,United States,Nashville
2823,United States,Youngstown
2824,United States,Philadelphia
2825,United States,Charlotte
2826,United States,Columbia
2827,United States,Birmingham
2828,United States,Charleston
2829,United States,Tacoma
2830,,
2831,United States,Montgomery
2832,United Kingdom,Craigavon
2833,United States,Fresno
2834,United States,Honolulu
2835,United States,Arlington
2836,United States,Monroe
2837,United States,Fort Worth
2838,United States,Colorado Springs
2839,United States,Pittsburgh
2840,,
2841,United States,Jackson
2842,United States,Raleigh
2843,United States,Milwaukee
2844,United States,El Paso
2845,United States,Anchorage
2846,United States,El Paso
2847,United States,Asheville
2848,United States,Sacramento
2849,United States,Montgomery
2850,United States,Palmdale
2851,United States,Shreveport
2852,United States,Fort Myers
2853,United States,Houston
2854,United States,Macon
2855,United Kingdom,Carlton
2856,United States,Waco
2857,United States,Pittsburgh
2858,United States,Fresno
2859,United Kingdom,Merton
2860,United States,Louisville
2861,United States,Rockford
2862,United States,Saint Louis
2863,United States,Stamford
2864,United States,Washington
2865,,
2866,United States,Memphis
2867,United States,Charleston
2868,United States,Santa Rosa
2869,United States,Lansing
2870,United States,Honolulu
2871,United States,Cedar Rapids
2872,United States,Peoria
2873,United States,New York City
2874,United States,Denver
2875,United States,Tacoma
2876,United States,Wichita
2877,United States,Colorado Springs
2878,United States,Aurora
2879,United States,Muskegon
2880,United States,El Paso
2881,United States,Grand Rapids
2882,United States,Chicago
2883,United States,Albany
2884,United States,Garden Grove
2885,United Kingdom,Craigavon
2886,United States,Tulsa
2887,United States,Grand Rapids
2888,United States,Mobile
2889,United States,Mobile
2890,United States,Washington
2891,United States,Philadelphia
2892,United States,Round Rock
2893,United States,Baltimore
2894,United Kingdom,London
2895,United States,Las Vegas
2896,United States,Vancouver
2897,United States,Omaha
2898,United States,Great Neck
2899,United States,Stamford
2900,United States,Milwaukee
2901,United States,Paterson
2902,United States,Honolulu
2903,,
2904,United States,Memphis
2905,United States,Dallas
2906,India,Sadar Bazar
2907,United States,San Jose
2908,United States,New York City
2909,,
2910,United States,Evansville
2911,United States,Tempe
2912,,
2913,United States,Boulder
2914,United States,Lincoln
2915,United States,Melbourne
2916,United States,Kansas City
2917,United States,Boca Raton
2918,United Kingdom,Sheffield
2919,United States,Washington
2920,United States,Lincoln
2921,United States,Toledo
2922,United States,Dulles
2923,United States,Bellevue
2924,United States,Boston
2925,United States,Great Neck
2926,United States,Columbus
2927,United States,Dallas
2928,United Kingdom,Sheffield
2929,United Kingdom,Wootton
2930,United States,Joliet
2931,United States,New Haven
2932,United Kingdom,Birmingham
2933,United States,Boise
2934,United States,Mesquite
2935,United States,Columbus
2936,United States,Oceanside
2937,United States,Jackson
2938,United Kingdom,Thorpe
2939,United States,Indianapolis
2940,United States,Tulsa
2941,United States,Saginaw
2942,United Kingdom,Norton
2943,United States,Buffalo
2944,United States,Murfreesboro
2945,United States,Shawnee Mission
2946,United States,Salinas
2947,United States,Salt Lake City
2948,United States,Portland
2949,United States,Washington
2950,United States,Brooklyn
2951,United States,Newark
2952,United States,Oklahoma City
2953,United Kingdom,Middleton
2954,United States,Fort Smith
2955,United States,Aurora
2956,United States,Fort Worth
2957,United States,Tulsa
2958,,
2959,United States,Portland
2960,United States,Columbia
2961,United States,Saint Paul
2962,United States,Huntington
2963,United States,Sterling
2964,United States,Chesapeake
2965,United States,Birmingham
2966,,
2967,United States,Springfield
2968,United States,Savannah
2969,,
2970,United States,Tampa
2971,United States,San Bernardino
2972,United States,Staten Island
2973,United States,Philadelphia
2974,United States,Mountain View
2975,United States,Ocala
2976,United States,Houston
2977,United States,San Diego
2978,United States,Topeka
2979,United States,Los Angeles
2980,United States,Wilkes Barre
2981,United States,Punta Gorda
2982,United States,Colorado Springs
2983,United States,Rochester
2984,United States,Washington
2985,United States,Savannah
2986,United States,Aurora
2987,United States,Paterson
2988,United States,Lakeland
2989,United States,Milwaukee
2990,United States,Huntington
2991,United States,Charlotte
2992,United States,Denton
2993,United States,Orlando
2994,United States,San Antonio
2995,United States,Newton
2996,United States,Nashville
2997,United States,Daytona Beach
2998,United States,Virginia Beach
2999,United Kingdom,Brampton
3000,United States,Rochester
